date,ours,etrade
2023-01-03,1.0,1.0
2023-01-04,1.0,1.0
2023-01-05,1.0,1.0
2023-01-06,1.0,1.0
2023-01-09,1.0,0.997410443882792
2023-01-10,1.0,0.9936614886744992
2023-01-11,1.0,1.0048835843328106
2023-01-12,1.0,1.0109392951744527
2023-01-13,1.0,1.0183423825217208
2023-01-16,1.0,1.0152933392733268
2023-01-17,1.0,1.0130653765747455
2023-01-18,1.0,1.026307122703487
2023-01-19,1.0,1.0218882146443573
2023-01-20,1.0,1.0241678189862844
2023-01-30,1.0,1.0267541770980673
2023-01-31,1.0,1.0267244616969708
2023-02-01,1.002555944,1.0292921830825008
2023-02-02,1.0008399440000002,1.0230116091889467
2023-02-03,0.997671944,1.0248627922790308
2023-02-06,0.9934891330000002,1.0215330964790377
2023-02-07,0.9938701330000002,1.0153146743731831
2023-02-08,0.9971678210000001,1.019255447084766
2023-02-09,0.9930826735000001,1.0116322749244222
2023-02-10,0.9826059950000001,1.013338812048321
2023-02-13,0.9853459950000001,1.0127982562051012
2023-02-14,0.989919357,1.0137768682820845
2023-02-15,0.989223897,1.0054114542599566
2023-02-16,0.9711738970000003,1.0058736771476853
2023-02-17,0.9641731230000002,1.0043364355869158
2023-02-20,0.9675151230000002,1.0098359095776457
2023-02-21,0.9652871230000002,1.012374902550435
2023-02-22,0.9474631230000002,1.009051815953919
2023-02-23,0.9502450765000005,1.008282868346411
2023-02-24,0.9490280765000003,1.0084166408886313
2023-02-27,0.9418660765000002,0.9986774061693764
2023-02-28,0.9471314970000001,0.998854964863672
2023-03-01,0.9503474970000001,0.9985759739085924
2023-03-02,0.9440174970000001,0.9919753310806216
2023-03-03,0.9451154885000002,0.9958494861978668
2023-03-06,0.9476792255000005,1.0015308530732212
2023-03-07,0.9409582625000004,1.0056318749495852
2023-03-08,0.9333128925000006,0.9996908561550548
2023-03-09,0.9347488925000007,1.0021756162044348
2023-03-10,0.9318808925000005,0.9883044473751028
2023-03-13,0.9344697875000005,0.99279112245818
2023-03-14,0.9434526050000006,0.9812044511789444
2023-03-15,0.9427716050000006,0.98770773993023
2023-03-16,0.9507166050000005,0.9773404765935384
2023-03-17,0.9561646050000006,0.9838144376677554
2023-03-20,0.9854476050000005,0.9667368419214292
2023-03-21,0.9761406050000005,0.9767066840262824
2023-03-22,0.9618396050000004,0.9818766271588812
2023-03-23,0.9686496050000006,0.9705946270867584
2023-03-24,0.9736436050000007,0.9785410206995124
2023-03-27,0.9670606050000007,0.977759361227621
2023-03-28,0.9622936050000004,0.9820219340606116
2023-03-29,0.9656986050000005,0.98281092551812
2023-03-30,0.9675146050000006,0.9874044073784995
2023-03-31,0.9717222250000006,0.9869185616515512
2023-04-03,0.9705153560000006,0.9967308933179624
2023-04-04,0.9748188405000007,0.998939379350329
2023-04-06,0.9579068405000005,0.9875726957223836
2023-04-07,0.9669191650000006,0.9897395754832332
2023-04-10,0.9591907175000006,0.986449617675034
2023-04-11,0.9596770365000007,0.9891702415972804
2023-04-12,0.9533770365000007,0.9845916779934656
2023-04-13,0.9462622020000007,0.9877645579826602
2023-04-14,0.9524542020000006,0.9909182275648156
2023-04-17,0.9498498600000008,0.996936443528392
2023-04-18,0.9477110320000007,0.9985584726384584
2023-04-19,0.9451090320000007,0.9903061609019718
2023-04-20,0.9454170320000007,0.9868805586583728
2023-04-21,0.9379090320000008,0.979522310432432
2023-04-24,0.9356064080000008,0.978747746007355
2023-04-25,0.9382079600000008,0.978366652365772
2023-04-26,0.9318430215000009,0.9785220099689858
2023-04-27,0.929284021500001,0.9753678502748756
2023-04-28,0.936139021500001,0.9868546776741866
2023-05-04,0.9390245535000009,0.9842726646179766
2023-05-05,0.935019188500001,0.9860422502515984
2023-05-08,0.9399678635000013,0.9930800791601816
2023-05-09,0.9407210995000013,0.9904646647508047
2023-05-10,0.9439708980000013,0.9875312404236742
2023-05-11,0.9518108980000012,0.9860459108851384
2023-05-12,0.9527831530000014,0.9864938271690448
2023-05-15,0.9507691530000012,0.9855517147577028
2023-05-16,0.9537901530000013,0.986805833417372
2023-05-17,0.9598321530000012,0.984139212585474
2023-05-18,0.9749371530000013,0.9920374607699468
2023-05-19,0.9970911530000014,0.9944596627320946
2023-05-22,0.9910491530000014,0.9894065885807284
2023-05-23,0.9991051530000014,0.992967779093085
2023-05-24,0.9840001530000013,0.9842804951930793
2023-05-25,1.0001121530000014,0.9875243950262304
2023-05-26,1.0031331530000014,0.9923725112381048
2023-05-29,1.0393851530000013,1.0021517685900765
2023-05-30,1.0424061530000013,1.001946438451776
2023-05-31,1.0383781530000014,0.9952415944416336
2023-06-01,1.0373711530000014,1.0051481214300035
2023-06-02,1.0504621530000013,1.0086406763640774
2023-06-05,1.0554971530000015,1.0126159663369645
2023-06-06,1.0565041530000012,1.0169152925014238
2023-06-07,1.0595251530000014,1.0161904830804291
2023-06-08,1.0373711530000014,1.009231533316225
2023-06-09,1.0544901530000013,1.023455091472802
2023-06-12,1.0665741530000012,1.0248455247407018
2023-06-13,1.0927561530000014,1.0419615070474293
2023-06-14,1.0937631530000014,1.043077248428139
2023-06-15,1.0987981530000013,1.0596545148096606
2023-06-16,1.1078611530000015,1.0728257776561805
2023-06-19,1.1038331530000014,1.06891632756627
2023-06-20,1.0991962210000015,1.06774867103855
2023-06-21,1.0965092210000014,1.0667333842659643
2023-06-26,1.0847462210000014,1.0536636038206864
2023-06-27,1.0800872210000014,1.052178718133029
2023-06-28,1.0887095245000014,1.057049746661518
2023-06-29,1.0964215245000013,1.052870725227934
2023-06-30,1.0987655245000014,1.055894987240782
2023-07-03,1.1153845245000014,1.0946644833631904
2023-07-04,1.1097653025000016,1.0876311380149508
2023-07-05,1.1077713025000016,1.0829155910377255
2023-07-06,1.1087683025000015,1.0800349553645274
2023-07-07,1.1037833025000015,1.0730604471265588
2023-07-10,1.0928163025000013,1.068646589732826
2023-07-11,1.0987983025000014,1.0795302653599503
2023-07-12,1.0997953025000016,1.0902716848302034
2023-07-13,1.1157473025000013,1.1177783944278452
2023-07-14,1.123723302500001,1.1208403450797335
2023-07-17,1.1297053025000012,1.1191685335457504
2023-07-18,1.1396753025000013,1.1223256273013795
2023-07-19,1.1606123025000015,1.1416366930485495
2023-07-20,1.1446603025000015,1.1317127918853338
2023-07-21,1.1257173025000013,1.1244664671367823
2023-07-24,1.1297053025000012,1.1185140644701483
2023-07-25,1.1257173025000013,1.1434625334492212
2023-07-26,1.1279014910000014,1.151214971598395
2023-07-27,1.1355234910000014,1.1629396853489389
2023-07-28,1.1365686640000017,1.1646085678329663
2023-07-31,1.1433314680000015,1.1812175912893554
2023-08-01,1.1361594680000016,1.1893469956163123
2023-08-02,1.1200216950000017,1.1662416328595062
2023-08-03,1.1190506950000016,1.153144269092148
2023-08-04,1.1197596415000015,1.1650268532000805
2023-08-07,1.1106766415000016,1.1531619431199371
2023-08-08,1.1062816415000016,1.146140320433425
2023-08-09,1.1039376415000017,1.152160583897471
2023-08-10,1.1054026415000016,1.1454460253870993
2023-08-11,1.0775676415000017,1.141983028393011
2023-08-14,1.067855498500002,1.1331745431636542
2023-08-15,1.0682674985000016,1.1542078619222709
2023-08-16,1.0624322155000019,1.1337317087406085
2023-08-17,1.0589343105000018,1.1400576877778024
2023-08-18,1.0545919675000017,1.116006430598303
2023-08-21,1.056823967500002,1.1202882870861754
2023-08-22,1.0556719675000017,1.1271261236764356
2023-08-23,1.0555759675000018,1.1307747356609965
2023-08-24,1.0553599675000016,1.1650982236988807
2023-08-25,1.0549039675000018,1.1338569802632217
2023-08-28,1.054199967500002,1.1506868928337914
2023-08-29,1.052439967500002,1.1663439433553977
2023-08-30,1.053007967500002,1.1787665930439672
2023-08-31,1.0535610650000018,1.1815174858108264
2023-09-01,1.0537857220000018,1.1815079694534287
2023-09-04,1.0568076050000017,1.1835920888882416
2023-09-05,1.0562783520000019,1.1838966992028088
2023-09-06,1.0564263520000017,1.1854410244266405
2023-09-07,1.0534983520000016,1.1704261962444558
2023-09-08,1.0606463520000016,1.160257815480763
2023-09-11,1.0598943520000017,1.1659671069303164
2023-09-12,1.0622063520000018,1.1657856291947466
2023-09-13,1.0599183520000017,1.1478646499926988
2023-09-14,1.0678423520000018,1.1569129019447508
2023-09-15,1.0566098540000017,1.1682213620400543
2023-09-18,1.0534928045000018,1.1453644743124642
2023-09-19,1.0536837165000017,1.1337319782632795
2023-09-20,1.0575380215000019,1.1350232695734044
2023-09-21,1.0543180215000019,1.107063612123029
2023-09-22,1.0499480215000019,1.110849969096377
2023-09-25,1.0545480215000018,1.1038604093676792
2023-09-26,1.0538580215000017,1.09480195680342
2023-09-27,1.0384480215000018,1.088808701153647
2023-09-28,1.0211980215000018,1.0775708216832505
2023-10-09,1.0116898618000019,1.0763492635845882
2023-10-10,1.0106209073000019,1.0799687209003266
2023-10-11,1.0113309073000016,1.0932809939459736
2023-10-12,1.0122988518000018,1.110324291484579
2023-10-13,1.0082030173000018,1.0942996588376634
2023-10-16,0.9990545278000018,1.0907021747658112
2023-10-17,0.9986728518000018,1.094431997209555
2023-10-18,0.9986728518000018,1.088146733791876
2023-10-19,0.9983108133000019,1.0693270382860107
2023-10-20,1.001960813300002,1.0595509614699472
2023-10-23,1.000044488300002,1.0440506260540263
2023-10-24,1.0006984883000019,1.0465869787009916
2023-10-25,0.997472230300002,1.0529279237654063
2023-10-26,1.001446871800002,1.0369939626388442
2023-10-27,1.002326289800002,1.0491466364438806
2023-10-30,1.003874289800002,1.054762754873499
2023-10-31,1.005789289800002,1.045419528261852
2023-11-01,1.003576289800002,1.0529393813123626
2023-11-02,1.005268289800002,1.073651162602736
2023-11-03,1.0048143428000023,1.0974992516347275
2023-11-06,0.9998233428000022,1.1218332421988215
2023-11-07,0.9939122963000024,1.1147918358615208
2023-11-08,0.9962682963000022,1.120069230625837
2023-11-09,0.9955222963000022,1.120514357637144
2023-11-10,0.9926042963000024,1.0978443831341365
2023-11-13,0.9991082963000023,1.1192450168478605
2023-11-14,1.0032127223000022,1.1254753323964797
2023-11-15,1.0109530983000024,1.1542600570810664
2023-11-16,1.0024290983000022,1.1537923166965725
2023-11-17,1.0066948838000025,1.1357513960942318
2023-11-20,1.0008498838000022,1.121295806802412
2023-11-21,0.9983976078000024,1.1304138994889796
2023-11-22,0.9886956078000024,1.118844454406465
2023-11-23,0.9969996078000023,1.1219080489221387
2023-11-24,0.9919247293000025,1.1212167027141635
2023-11-27,0.9886177293000024,1.113057214067574
2023-11-28,0.9915727293000024,1.109713813284887
2023-11-29,0.9906137293000025,1.0983118740604665
2023-11-30,0.9878477293000024,1.0976798449797252
2023-12-01,0.9845530793000025,1.096823249638009
2023-12-04,0.9862670793000023,1.095022428327566
2023-12-05,0.9758443263000026,1.0679583618977668
2023-12-06,0.9848383263000026,1.0855811844439929
2023-12-07,0.9778413263000024,1.070983670542713
2023-12-08,0.9880453263000026,1.087210044206056
2023-12-11,0.9896283263000025,1.0903786115218674
2023-12-12,0.9964117518000025,1.104984155700872
2023-12-13,1.0056887518000026,1.1016900210513594
2023-12-14,1.0166137518000025,1.1115622157858065
2023-12-15,1.0088907518000025,1.117338979508721
2023-12-18,1.0154717518000025,1.1163671418081833
2023-12-19,1.0211167518000026,1.1175171595368252
2023-12-20,1.0267617518000025,1.1241286152222048
2023-12-21,1.0132997518000026,1.1150894224162382
2023-12-22,1.0185797518000024,1.089007484962042
2023-12-25,1.0185233918000027,1.099516787022776
2023-12-26,1.0252673918000026,1.1033654017362788
2023-12-27,1.0286393918000027,1.1154930628956394
2023-12-28,1.0261103918000025,1.1274011332027924
2023-12-29,1.0235813918000025,1.1203719570080763
2024-01-02,1.0210523918000027,1.1154859754058075
2024-01-03,1.0050353918000026,1.1007867259445914
2024-01-04,0.9994846008000026,1.0961949703267235
2024-01-05,0.9949252143000026,1.0821361475822762
2024-01-08,0.9951922143000027,1.0679731228947702
2024-01-09,1.0091942143000028,1.080552548963439
2024-01-10,1.0077072143000028,1.07261071622788
2024-01-11,1.0138398683000027,1.0960063402448912
2024-01-12,1.012692868300003,1.0815574270633577
2024-01-15,1.0190338683000026,1.0799683258752042
2024-01-16,1.0126818683000025,1.0696632333280656
2024-01-17,1.0089708873000027,1.04176322964809
2024-01-18,1.0079623663000026,1.0447262435784956
2024-01-19,1.0169383663000027,1.0493291638323046
2024-01-22,1.0327938943000028,1.0574609715795746
2024-01-23,1.0255398943000027,1.0733080117484686
2024-01-24,1.0311818943000028,1.094447574954322
2024-01-25,1.0255398943000027,1.0996676728522043
2024-01-26,1.0174798943000027,1.080752515755924
2024-01-29,1.0263458943000028,1.0802539662850277
2024-01-30,1.0424658943000027,1.082290997536494
2024-01-31,1.0198978943000028,1.06688671209267
2024-02-01,1.0102258943000026,1.0729478381454465
2024-02-02,1.0352118943000026,1.082314232720659
2024-02-05,1.0400478943000027,1.084097223318188
2024-02-06,1.0416598943000026,1.104277093072643
2024-02-07,1.0319878943000027,1.0953031174809909
2024-02-08,1.0553618943000027,1.1175033439429485
2024-02-19,1.0497198943000026,1.1254333239590033
2024-02-20,1.0459905133000027,1.1208757484832972
2024-02-21,1.0428331933000028,1.1282761770064649
2024-02-22,1.0564421933000028,1.141267542872348
2024-02-23,1.070410858800003,1.1564194811647794
2024-02-26,1.0596261668000029,1.14779096020375
2024-02-27,1.063596919300003,1.152689618501484
2024-02-28,1.051121785800003,1.1553187057025938
2024-02-29,1.062450785800003,1.1552659447875808
2024-03-01,1.066748915300003,1.1712542877976473
2024-03-04,1.070843915300003,1.190391959415824
2024-03-05,1.0684723583000029,1.1772304543467482
2024-03-06,1.0650103668000028,1.186469366276024
2024-03-07,1.046850366800003,1.183746385097352
2024-03-08,1.059224366800003,1.213197740628519
2024-03-11,1.074602931800003,1.2134617673017087
2024-03-12,1.077688107800003,1.2300080842190655
2024-03-13,1.0785733418000027,1.2371201652014696
2024-03-14,1.0724553418000027,1.2363266944879514
2024-03-15,1.0841063418000028,1.231661783741408
2024-03-18,1.104681341800003,1.2375751454101542
2024-03-19,1.0913762968000031,1.2303428650119104
2024-03-20,1.097368663800003,1.2412651598402191
2024-03-21,1.096364883800003,1.2828307892184183
2024-03-22,1.0871315283000034,1.2600399681400942
2024-03-25,1.0712115283000032,1.2436207986785806
2024-03-26,1.0699733933000033,1.255295031928571
2024-03-27,1.0614773933000032,1.2509187781568112
2024-03-28,1.0679401213000033,1.2675953515498923
2024-03-29,1.0838808093000034,1.2775576318236872
2024-04-01,1.0874824923000033,1.2892173042653967
2024-04-02,1.0883224923000034,1.2817106774650109
2024-04-03,1.1034424923000035,1.2664662605288797
2024-04-08,1.1292724923000033,1.2829230196127432
2024-04-09,1.1324224923000035,1.292984268820998
2024-04-10,1.1364124923000034,1.3099887169679585
2024-04-11,1.1280124923000034,1.2892786718510911
2024-04-12,1.1607724923000033,1.3093678830303404
2024-04-15,1.1425024923000033,1.2937772070924958
2024-04-16,1.1498524923000033,1.265606238955407
2024-04-17,1.1517424923000033,1.25511570530799
2024-04-18,1.1483824923000034,1.265251678326193
2024-04-19,1.1538424923000035,1.2540029744962604
2024-04-22,1.1313724923000033,1.2649859020394083
2024-04-23,1.1036524923000033,1.271576605152258
2024-04-24,1.1152024923000035,1.3169917584149515
2024-04-25,1.1154124923000033,1.304615256093933
2024-04-26,1.1240224923000033,1.3389781192856245
2024-04-29,1.1169021728000037,1.3338473630571412
2024-04-30,1.1142597878000036,1.3401807818522598
2024-05-06,1.1428637878000036,1.3927267463437922
2024-05-07,1.1392249218000037,1.3997128230048332
2024-05-08,1.1330029218000037,1.3876386560554876
2024-05-09,1.1495949218000037,1.3925568016844554
2024-05-10,1.1734459218000035,1.4077768982710763
2024-05-13,1.1848529218000035,1.4267248794843368
2024-05-14,1.1879639218000035,1.4374724476670706
2024-05-15,1.1807049218000034,1.448315148966156
2024-05-16,1.2014449218000034,1.4738397263035716
2024-05-17,1.2128519218000036,1.4894266821852369
2024-05-20,1.2211479218000036,1.510619814866967
2024-05-21,1.1941859218000035,1.4872603614184632
2024-05-22,1.1931489218000035,1.4941527897453226
2024-05-23,1.1765569218000034,1.4742366449426871
2024-05-24,1.1558169218000038,1.4343317749406743
2024-05-27,1.1744829218000035,1.447797821145118
2024-05-28,1.1734585863000038,1.447713484562224
2024-05-29,1.1607045863000036,1.4356020250844164
2024-05-30,1.1433305863000036,1.4054186027423006
2024-05-31,1.1463748323000036,1.407460238794802
2024-06-03,1.1532268323000037,1.4064114861596788
2024-06-04,1.1526838323000035,1.4163210918409688
2024-06-05,1.1575408323000036,1.4178651628079768
2024-06-06,1.1735398323000037,1.4386611285886066
2024-06-07,1.1769351853000034,1.436344130222052
2024-06-11,1.1777791853000037,1.4192682169625506
2024-06-12,1.1887511853000035,1.4258164094749026
2024-06-13,1.2123831853000038,1.4347027761753353
2024-06-14,1.2115391853000037,1.4344885942746837
2024-06-17,1.2166031853000037,1.421331507925604
2024-06-18,1.2326391853000038,1.4279912385326292
2024-06-19,1.2343271853000035,1.4499105350463664
2024-06-20,1.2427671853000035,1.4575075905354968
2024-06-21,1.2241991853000038,1.432586737639569
2024-06-24,1.2191351853000034,1.4126242556205275
2024-06-25,1.2064751853000037,1.4151035790369657
2024-06-26,1.2292631853000038,1.437995410191268
2024-06-27,1.2284191853000037,1.4256921907531523
2024-06-28,1.2452991853000037,1.4462248650863214
2024-07-01,1.2436111853000038,1.4396441677072236
2024-07-02,1.2444551853000034,1.4434640270441144
2024-07-03,1.2672431853000037,1.4800090302724256
2024-07-04,1.2748391853000038,1.4726542983299848
2024-07-05,1.2908751853000036,1.483673659671105
2024-07-08,1.3102871853000035,1.481346705347161
2024-07-09,1.323791185300004,1.490930680132851
2024-07-10,1.3069111853000035,1.476428052467275
2024-07-11,1.3128191853000037,1.4938936357232184
2024-07-12,1.2596471853000035,1.4737071286696533
2024-07-15,1.2993151853000036,1.4848795950257692
2024-07-16,1.2967831853000036,1.479806729581144
2024-07-17,1.2907737768000036,1.4905091671070236
2024-07-18,1.2666140658000038,1.4680819296825918
2024-07-19,1.2385756663000038,1.423772041075993
2024-07-22,1.2257677083000038,1.4208292893910384
2024-07-23,1.228502708300004,1.417728901554339
2024-07-24,1.2237161533000038,1.402951990736475
2024-07-25,1.185108599300004,1.341676519880075
2024-07-26,1.183088463300004,1.3587921100862623
2024-07-29,1.186402463300004,1.383040938762938
2024-07-30,1.186599085800004,1.3648036553143088
2024-07-31,1.1873520858000042,1.3875928616071846
2024-08-01,1.1924176623000042,1.4035059723912926
2024-08-02,1.1919497008000042,1.349050645653794
2024-08-05,1.1728867008000041,1.25268375589424
2024-08-06,1.1674540208000042,1.267397040621817
2024-08-07,1.171288020800004,1.275727146925448
2024-08-08,1.167052822300004,1.2614882673449976
2024-08-09,1.1646768223000041,1.2930484420919413
2024-08-12,1.1570358223000041,1.2997034190047685
2024-08-13,1.1596109753000041,1.305270132143718
2024-08-14,1.158718932800004,1.3137913380806316
2024-08-15,1.160187219300004,1.3273516484370922
2024-08-16,1.158043219300004,1.3661577748199014
2024-08-19,1.1547711493000044,1.357253386716238
2024-08-20,1.1608370363000042,1.372425813189132
2024-08-21,1.1656290623000043,1.3661778940076834
2024-08-22,1.1648481498000043,1.3731261844306482
2024-08-23,1.1599901498000045,1.356572906722226
2024-08-26,1.1631891498000044,1.3772870818613951
2024-08-27,1.1577701623000043,1.3678869293997544
2024-08-28,1.1590996963000044,1.3671433274635207
2024-08-29,1.1556106963000046,1.352448427769484
2024-08-30,1.1545796963000043,1.3713188960683078
2024-09-02,1.1512701338000046,1.364617745217287
2024-09-03,1.1514335798000044,1.3715416361673567
2024-09-04,1.1185545798000045,1.311246576128283
2024-09-05,1.1232575833000045,1.3213919060302983
2024-09-06,1.1202465833000044,1.331558206416492
2024-09-09,1.1123135833000046,1.3133294299291511
2024-09-10,1.1090775543000047,1.315028279138355
2024-09-11,1.1109835543000044,1.322936876291581
2024-09-12,1.1221404473000045,1.3566862296811837
2024-09-13,1.1299484473000045,1.371321049945
2024-09-18,1.1287546558000048,1.3821288752245795
2024-09-19,1.1325926558000046,1.4111951888551235
2024-09-20,1.1392684233000046,1.4209359779254949
2024-09-23,1.1462375188000047,1.4200227198644668
2024-09-24,1.1737125188000046,1.4490609916949413
2024-09-25,1.1693081428000045,1.4454676258749823
2024-09-26,1.2101081428000047,1.4981091137704816
2024-09-27,1.2844616663000046,1.5030988750653926
2024-09-30,1.501023206300005,1.56892727737319
2024-10-08,1.800735206300005,1.5543267549813355
2024-10-09,1.507743206300005,1.5171122597110789
2024-10-10,1.4620472063000045,1.5575688269736614
2024-10-11,1.3854392063000047,1.5458408227926916
2024-10-14,1.4230712063000048,1.571469379376215
2024-10-15,1.3753592063000046,1.5812397530057367
2024-10-16,1.3451192063000048,1.5903113276801493
2024-10-17,1.3417592063000048,1.5895947212891866
2024-10-18,1.4499512063000048,1.6099736562316045
2024-10-21,1.457343206300005,1.6200313758705385
2024-10-22,1.4627192063000047,1.611774237484213
2024-10-23,1.4539832063000049,1.6261220219182395
2024-10-24,1.433823206300005,1.5967785149799243
2024-10-25,1.4768312063000049,1.5931782819814493
2024-10-28,1.471455206300005,1.6267173635612349
2024-10-29,1.4477932043000048,1.6425354936519088
2024-10-30,1.4407012043000047,1.6526582318387215
2024-10-31,1.4392708383000048,1.6216064605721388
2024-11-01,1.418242838300005,1.5895125706969837
2024-11-04,1.4552568928000051,1.5927863228724168
2024-11-05,1.494966788800005,1.6100667155215904
2024-11-06,1.4897467888000049,1.6449218400003127
2024-11-07,1.5215914743000054,1.6652734710482762
2024-11-08,1.5169574743000054,1.6834227948776632
2024-11-11,1.5561944743000053,1.6979700948402463
2024-11-12,1.5425372533000055,1.6483923829057805
2024-11-13,1.5291244643000053,1.6204437296642191
2024-11-14,1.4837966988000053,1.572168145265919
2024-11-15,1.4477966988000053,1.551796310081458
2024-11-18,1.433003159800005,1.566334749120825
2024-11-19,1.4454549098000053,1.6069769618547365
2024-11-20,1.4575109098000056,1.6228680818507042
2024-11-21,1.4564639098000054,1.6233731942569265
2024-11-22,1.4267829678000052,1.6074698890740076
2024-11-25,1.4501941353000054,1.608110640015269
2024-11-26,1.4500031063000054,1.5993286301885827
2024-11-27,1.4493391063000056,1.6358074973458947
2024-11-28,1.4480111063000054,1.6153248171579626
2024-11-29,1.4506671063000054,1.6357046816907703
2024-12-02,1.4619551063000054,1.6485845585864034
2024-12-03,1.4739071063000058,1.676596000316307
2024-12-04,1.4739071063000058,1.6751303283455392
2024-12-05,1.4845311063000057,1.669368246258626
2024-12-06,1.4812111063000057,1.680839809611013
2024-12-09,1.4805471063000053,1.7037530126810465
2024-12-10,1.4645039233000055,1.738950703572023
2024-12-11,1.4721479233000054,1.736465692162828
2024-12-12,1.481658923300006,1.7865905516376672
2024-12-13,1.4848211893000058,1.7489893672760768
2024-12-16,1.4977925823000058,1.7356481672033834
2024-12-17,1.5046464038000058,1.725514798850192
2024-12-18,1.5141848338000061,1.7209357403836307
2024-12-19,1.4744088338000059,1.6703971024020274
2024-12-20,1.4445768338000058,1.6642359752170974
2024-12-23,1.4942968338000058,1.711365617953464
2024-12-24,1.4906808338000057,1.7128141363698983
2024-12-25,1.5078568338000062,1.7290765786134976
2024-12-26,1.5141848338000061,1.7353645374697293
2024-12-27,1.503336833800006,1.7324674550314036
2024-12-30,1.482544833800006,1.7090909264187697
2024-12-31,1.473504833800006,1.6867255966526435
2025-01-02,1.486160833800006,1.6989418711131
2025-01-03,1.4771208338000061,1.697915559467926
2025-01-06,1.509664833800006,1.7127129029542676
2025-01-07,1.500624833800006,1.691693775006765
2025-01-08,1.4852568338000058,1.690628689733318
2025-01-09,1.4826324748000057,1.694385309828503
2025-01-10,1.482254474800006,1.6919718196681088
2025-01-13,1.4605554748000058,1.6833880836543034
2025-01-14,1.4652037613000057,1.713735389315408
2025-01-15,1.473397761300006,1.7175125769805513
2025-01-16,1.478217761300006,1.753618130902686
2025-01-17,1.482314761300006,1.7672281546823263
2025-01-20,1.479422761300006,1.799160640717534
2025-01-21,1.479422761300006,1.8219937317717725
2025-01-22,1.4924367613000062,1.7990879291072912
2025-01-23,1.4938827613000059,1.7728697822127366
2025-01-24,1.5013537613000056,1.813240149637091
2025-01-27,1.4879684028000058,1.816315203990238
2025-02-05,1.5292964028000058,1.907780692931417
2025-02-06,1.5187148353000062,1.94010953033178
2025-02-07,1.522980835300006,1.9693365843621928
2025-02-10,1.548794481300006,2.006798367720607
2025-02-11,1.558965388300006,1.9879309426744256
2025-02-12,1.5737983883000064,1.992697626946929
2025-02-13,1.584321168300006,2.0234457411760105
2025-02-14,1.598631168300006,2.070818766713659
2025-02-17,1.5977002363000066,2.0519107255954383
2025-02-18,1.6102732363000063,2.0905103297492253
2025-02-19,1.6205602363000065,2.1121774554417856
2025-02-20,1.5965572363000062,2.0660721842097125
2025-02-21,1.6434202363000066,2.131937114161508
2025-02-24,1.6548502363000066,2.1064380830735216
2025-02-25,1.6205602363000065,2.0298391794841293
2025-02-26,1.6834252363000064,2.097948200430466
2025-02-27,1.6811392363000064,2.0853328385588616
2025-02-28,1.6194172363000063,1.9512698777158624
2025-03-03,1.6251322363000067,1.9887443898243085
2025-03-04,1.6297042363000065,1.975206397626924
2025-03-05,1.6594222363000066,2.009592273704858
2025-03-06,1.7131432363000063,2.111034776465917
2025-03-07,1.7097142363000064,2.083885487110916
2025-03-10,1.6857112363000066,2.0594969159248406
2025-03-11,1.6708522363000067,1.989701336653336
2025-03-12,1.6692655323000065,1.977472538469485
2025-03-13,1.6537675323000067,1.9548251834448864
2025-03-14,1.6906424898000068,2.027824269258997
2025-03-17,1.7008934898000068,2.017777338919032
2025-03-18,1.7350634898000066,2.0739725853932853
2025-03-19,1.7407584898000068,2.0725117879109907
2025-03-20,1.7054494898000068,2.0450257039891024
2025-03-21,1.6753930478000065,1.9865612978482723
2025-03-24,1.677190245300007,2.011387984876248
2025-03-25,1.668226245300007,1.9923183871069952
2025-03-26,1.6724302453000068,1.992022339724827
2025-03-27,1.6801582453000068,1.9886194199542928
2025-03-28,1.695502245300007,1.954965486471527
2025-03-31,1.7068213863000068,1.8919291260398443
2025-04-01,1.7175133863000067,1.9337681049242252
2025-04-02,1.7109523863000071,1.942357698488511
2025-04-03,1.7267473863000071,1.897840952129812
2025-04-07,1.674016386300007,1.5974953057974426
2025-04-08,1.685680386300007,1.607394167028843
2025-04-09,1.7068213863000068,1.5989637698148371
2025-04-10,1.7437573863000069,1.752766710791957
2025-04-11,1.7702443863000068,1.7581422986664073
2025-04-14,1.783366386300007,1.7999718966929612
2025-04-15,1.782880386300007,1.7871347626664802
2025-04-16,1.8261343863000068,1.7633073661890524
2025-04-17,1.841200386300007,1.7838049686596775
2025-04-18,1.845574386300007,1.7752144699538146
2025-04-21,1.879837386300007,1.802504078903096
2025-04-22,1.942531386300007,1.8392393285546893
2025-04-23,1.825405386300007,1.8293960367128117
2025-04-24,1.845331386300007,1.8139404629378224
2025-04-25,1.8326953863000068,1.8516858715750228
2025-04-28,1.8169003863000068,1.83557721453856
2025-04-29,1.8302780048000071,1.837807694543003
2025-04-30,1.822826004800007,1.8426489156915555
2025-05-06,1.8503100048000072,1.9279358891260383
2025-05-07,1.8522005003000068,1.9314816417258804
2025-05-08,1.833732500300007,1.9217684869676728
2025-05-09,1.8277349868000068,1.9012286712924975
2025-05-12,1.834345986800007,1.927006714891631
2025-05-13,1.820063405300007,1.9080297487537097
2025-05-14,1.8674544053000075,1.9644932844652143
2025-05-15,1.8588864053000074,1.8892796436745305
2025-05-16,1.856593405300007,1.9051301835811
2025-05-19,1.8401409868000072,1.8902206908538763
2025-05-20,1.8603539868000074,1.91861560282132
2025-05-21,1.849057543800007,1.9699704520087624
2025-05-22,1.835187543800007,1.9267489845479815
2025-05-23,1.829102543800007,1.915647508822303
2025-05-26,1.8298555438000068,1.908163632795568
2025-05-27,1.8364909538000072,1.9145696891189048
2025-05-28,1.8578029538000072,1.9109225592846415
2025-05-29,1.8826669538000071,1.9579791279140664
2025-05-30,1.8435949538000072,1.910879324052295
2025-06-03,1.8506989538000074,1.9246854275960752
2025-06-04,1.8660909538000072,1.9510396627538336
2025-06-05,1.8613549538000072,1.9816763341577144
2025-06-06,1.8534672968000072,2.000931621739223
2025-06-09,1.8499812968000071,2.03409591096967
2025-06-10,1.8503912968000071,2.0246584248667743
2025-06-11,1.8570112968000072,2.0684688966044904
2025-06-12,1.8539160468000075,2.051274912923535
2025-06-13,1.8455500468000074,2.009160376818224
2025-06-16,1.8418739588000073,2.0420044493401988
2025-06-17,1.8343140503000075,2.038930405910206
2025-06-18,1.8319210503000076,2.0275778962171955
2025-06-19,1.8178270503000078,1.9712656671919284
2025-06-20,1.8078447973000071,1.9615689985706397
2025-06-23,1.8116692518000075,1.97511593012266
2025-06-24,1.8197542388000074,2.030366901153463
2025-06-25,1.8317074298000073,2.044538946056895
2025-06-26,1.8095874635364577,2.0505343002054075
2025-06-27,1.8164994635364575,2.073177517127329
2025-06-30,1.8441474635364579,2.0863233441764595
2025-07-01,1.8380994635364576,2.0864162531582053
2025-07-02,1.8190914635364577,2.074101499586651
2025-07-03,1.8510594635364577,2.074084126138012
2025-07-04,1.8441474635364579,2.0658221512506123
2025-07-07,1.8242754635364578,2.0365632110954213
2025-07-08,1.8666114635364575,2.078030043251069
2025-07-09,1.8700674635364576,2.031950848329867
2025-07-10,1.8752514635364577,2.051024394170094
2025-07-11,1.8890754635364577,2.058077441469199
2025-07-14,1.882163463536458,2.057883980079691
2025-07-15,1.912403463536458,2.1118929960637933
2025-07-16,1.9072194635364577,2.113259039248418
2025-07-17,1.9426434635364576,2.139519034718202
2025-07-18,1.9469634635364577,2.176369444102318
2025-07-21,1.9668354635364578,2.2223790222559243
2025-07-22,1.9789314635364577,2.221297631959229
2025-07-23,1.9772034635364575,2.323015878912634
2025-07-24,2.010035463536458,2.302716056475249
2025-07-25,2.0039874635364576,2.252830772661474
2025-07-28,2.024723463536458,2.2434350574572703
2025-07-29,2.060147463536458,2.219091105184322
2025-07-30,2.027315463536458,2.2055810487878285
2025-07-31,1.9892994635364578,2.216892447370701
2025-08-01,1.9910274635364575,2.1760472286903094
2025-08-04,1.9996674635364577,2.194594782474892
2025-08-05,2.0057154635364576,2.244743750344195
2025-08-06,2.0195394635364576,2.248688995999513
2025-08-07,2.0057154635364576,2.2692420404291904
2025-08-08,1.9971494315364577,2.268528608711597
2025-08-11,2.0328294315364577,2.274988805731093
2025-08-12,2.051397431536458,2.254922256193636
2025-08-13,2.112089431536458,2.357939724905024
2025-08-14,2.088976132536458,2.3303045329851177
2025-08-15,2.1427781325364577,2.345388088263633
2025-08-18,2.2051201325364578,2.3572622259971485
2025-08-19,2.199142132536458,2.3395120578327027
2025-08-20,2.210244132536458,2.2949407229796046
2025-08-21,2.196580132536458,2.259850280592018
2025-08-22,2.2734401325364577,2.259913058187128
2025-08-25,2.337490132536458,2.3953581865418614
2025-08-26,2.319556132536458,2.357032758788466
2025-08-27,2.302476132536458,2.348189378160796
2025-08-28,2.3964161325364577,2.3176240775397585
2025-08-29,2.446802132536458,2.3362621069234883
2025-09-01,2.499750132536458,2.3886487812734187
2025-09-02,2.4322841325364575,2.368724196949384
2025-09-03,2.4510721325364577,2.376065831609591
2025-09-04,2.3494461325364577,2.3485692359803894
2025-09-05,2.5142681325364578,2.4136267550338704
2025-09-08,2.4835241325364574,2.4600432300983925
2025-09-09,2.429722132536458,2.4971892646377976
2025-09-10,2.4553421325364577,2.53461418343206
2025-09-11,2.5834421325364576,2.547211997919128
2025-09-12,2.5578221325364576,2.60586028541356
2025-09-15,2.593690132536458,2.6143224789660806
2025-09-16,2.6124781325364577,2.6530018868304586
2025-09-17,2.663718132536458,2.7260573023756782
2025-09-18,2.619310132536458,2.700860853839262
2025-09-19,2.615040132536458,2.703432564655759
2025-09-22,2.6321201325364574,2.7528213566340285
2025-09-23,2.6415141325364577,2.7302459434269744
2025-09-24,2.698732132536458,2.777019315917088
2025-09-25,2.7422861325364574,2.8035712432044457
2025-09-26,2.672258132536458,2.744582670442705
2025-09-29,2.7439941325364576,2.7930876580783304
2025-09-30,2.7474101325364573,2.865926929101825
2025-10-09,2.762782132536458,3.0183888112881614
2025-10-10,2.643222132536458,2.9140882680289253
2025-10-13,2.566891020102458,2.843960227533349
2025-10-14,2.575561528149959,2.7498614843730307
2025-10-15,2.6359075281499584,2.867494731636418
2025-10-16,2.6522095281499576,2.8842464626676456
2025-10-17,2.744873528149958,2.772311878240411
2025-10-20,2.659073528149959,2.92985445382591
2025-10-21,2.722565528149959,3.014953216430733
2025-10-22,2.6113115281499586,2.9753408660338576
2025-10-23,2.580709528149958,2.981784535576457
2025-10-24,2.568125528149958,3.0172114785646538
2025-10-27,2.5578295281499583,3.1674541942921524
2025-10-28,2.4781901031499585,3.1062199451698054
2025-10-29,2.522170025931359,3.220525486281788
2025-10-30,2.5032550259313586,3.134158269081833
2025-10-31,2.4994720259313588,3.117965790311037
2025-11-03,2.4919060259313586,3.1518973127130527
2025-11-04,2.446510025931359,3.001871562825748
2025-11-05,2.4112020259313587,2.9589257517436525
2025-11-06,2.4578590259313584,3.046187439554658
2025-11-07,2.4263340259313586,2.9837278284796858
2025-11-10,2.4466483929313587,3.0831382003696843
2025-11-11,2.4418933929313584,3.083205940570185
2025-11-12,2.4518274134313587,3.123203316393724
2025-11-13,2.453069413431359,3.175802618271805
2025-11-14,2.3928797839313587,3.0178046348686087
2025-11-17,2.4024034227100595,2.9250177622572626
2025-11-18,2.3482192577100593,2.7986540840723046
2025-11-19,2.3232452987100594,2.7720754945730266
2025-11-20,2.354016298710059,2.828337395300681
2025-11-21,2.3096752987100593,2.687179386477568
2025-11-24,2.3317108977100593,2.78588946425443
2025-11-25,2.3489858977100595,2.8407477860675208
2025-11-26,2.36194834771006,2.91126483220131
2025-11-27,2.3572113477100594,2.8987949480437147
2025-11-28,2.37685234771006,2.939472773294609
2025-12-01,2.3921363477100597,2.92227560578518
2025-12-02,2.383659347710059,2.8973817837620905
2025-12-03,2.3806598717100598,2.901234700595686
2025-12-04,2.37230787171006,2.949883014401297
2025-12-05,2.3870002827100594,2.980680986440666
2025-12-08,2.3775857567100593,2.9638508776885395
2025-12-09,2.3567537567100594,2.8580700449244856
2025-12-10,2.37425039321006,2.894172420294654
2025-12-11,2.3536743932100594,2.841687961821213
2025-12-12,2.3745570667100595,2.9373717341454277
2025-12-15,2.3653255942100597,2.8584225746737157
2025-12-16,2.3351489182100598,2.74606383170148
2025-12-17,2.3731869182100596,2.8063370545313937
2025-12-18,2.3563949182100594,2.761048496249149
2025-12-19,2.3593299182100598,2.8598364444405537
2025-12-22,2.40801769071006,2.9177813880755865
2025-12-23,2.4238196907100598,2.899707325631746
2025-12-24,2.42597536471006,2.9262449535955763
2025-12-25,2.4158993647100604,2.9170922233052714
2025-12-26,2.4308593647100603,2.963938875183068
2025-12-29,2.4135993967100604,2.913579193882381
2025-12-30,2.4090473967100605,2.909412493494676
2025-12-31,2.3853131782100605,2.8587078430017705
2026-01-05,2.4512615196948104,3.0464435412668096
2026-01-06,2.50483451969481,3.145759400924699
2026-01-07,2.5168805196948103,3.0997119145250926
2026-01-08,2.52480551969481,3.009194977000662
2026-01-09,2.58566951969481,3.060522801936405
2026-01-12,2.64906951969481,3.1752769793284865
2026-01-13,2.61419951969481,3.185378608529513
2026-01-14,2.632902519694811,3.254450825774346
2026-01-15,2.62466051969481,3.2070450579499763
2026-01-16,2.6303665196948103,3.1734670265149125
2026-01-19,2.647167519694811,3.131629913159721
2026-01-20,2.63955951969481,3.100165291719204
2026-01-21,2.6737955196948104,3.1378405016988684
2026-01-22,2.6855245196948103,3.1848253766865477
2026-01-23,2.7647745196948104,3.2157932624493437
2026-01-26,2.71563951969481,3.1992731164829027
2026-01-27,2.7280955906948097,3.241414621117477
2026-01-28,2.77165959069481,3.348939655908392
2026-01-29,2.8068946241948103,3.404668189790095
2026-01-30,2.6205168121948104,3.228221959414164
2026-02-02,2.35957981219481,2.916696969354493
2026-02-03,2.4931864896948106,3.0454665648592494
2026-02-04,2.5656964896948105,3.0331464663277266
2026-02-05,2.494737394694811,2.9533125179370727
2026-02-06,2.455395394694811,2.889780096707479
2026-02-09,2.5411893946948108,3.028926638787916
2026-02-10,2.529339394694811,3.0495360344961555
2026-02-11,2.5504323946948104,3.1209786032525906
2026-02-12,2.541426394694811,3.068981431393818
2026-02-13,2.5070613946948104,3.0422783411163863
2026-02-24,2.592611121694811,3.0078770025361345
2026-02-25,2.5927371216948107,3.036163515395628
2026-02-26,2.584389121694811,2.966156029343469
2026-02-27,2.588449121694811,2.985610294198944
2026-03-02,2.6633173026948107,2.936933616996955
2026-03-03,2.6262295336948114,2.787996617048861
2026-03-04,2.561222533694811,2.6988089871430034
2026-03-05,2.557494533694811,2.7341744130054475
2026-03-06,2.5324230146948112,2.818163218116005
2026-03-09,2.5297040146948113,2.7667575337206087
2026-03-10,2.543542014694811,2.842729835239933
2026-03-11,2.5413958916948114,2.8854094369036227
2026-03-12,2.5330798916948116,2.84142979619841
2026-03-13,2.5045067656948112,2.818738492647536
2026-03-16,2.4817487656948116,2.8354442393234245
2026-03-17,2.4287217349245616,2.798395537982397
2026-03-18,2.435247311763811,2.832392566097731
2026-03-19,2.399547639263811,2.6631657241356823
2026-03-20,2.3890196542638114,2.543385305473738
2026-03-23,2.325546246486312,2.2965070312489426
2026-03-24,2.3580894054363117,2.428943416493479
2026-03-25,2.3643395649363117,2.49089896871122
2026-03-26,2.353823564936312,2.4207277794035504
2026-03-27,2.3606607474363117,2.41819315505623
2026-03-30,2.3545247474363116,2.3724819260411607
2026-03-31,2.3350717474363116,2.3159779767693345
2026-04-01,2.346224011340012,2.4702361009302285
2026-04-02,2.3315653793400126,2.3552562397780106
2026-04-03,2.335552357340012,2.3569694657057894
2026-04-07,2.3361353573400123,2.366847480057936
2026-04-08,2.3359136913400125,2.615559858149638
2026-04-09,2.310775500135387,2.546208670272802
2026-04-10,2.3415495001353874,2.5778756810097656
2026-04-13,2.3563924976816373,2.569289311312132
2026-04-14,2.412070497681637,2.639387891923335
2026-04-15,2.3973430661816377,2.699654762546237
2026-04-16,2.4510590661816374,2.8410521841779977
2026-04-17,2.458969744181638,2.7940032981902045
2026-04-20,2.4656334026816378,2.8048739596636816
2026-04-21,2.471672402681638,2.818550713061103
2026-04-22,2.523339402681638,2.8168721500888894
2026-04-23,2.503209402681638,2.751332622528894
2026-04-24,2.466975402681638,2.73419576763547
2026-04-27,2.452213402681638,2.798405757304194
2026-04-28,2.444449729485763,2.761081233545293
2026-04-29,2.4641307294857633,2.769878566566976
2026-04-30,2.460510729485763,2.746297641922478
2026-05-06,2.5331150934857636,2.8995827797824214
2026-05-07,2.5778360934857636,3.0220858628151834
2026-05-08,2.5718130694857635,3.0362594261712603
2026-05-11,2.639075069485764,3.042296734908652
2026-05-12,2.6150230694857637,3.009221880017274
2026-05-13,2.6714471994857636,3.061606081107426
2026-05-14,2.6379221994857636,3.0275745632723137
2026-05-15,2.6339422529857637,2.8701523387192838
2026-05-18,2.5951522529857636,2.7911177443156965
2026-05-19,2.5790842529857634,2.814798658103228
2026-05-20,2.590478252985763,2.780973860798989
2026-05-21,2.6089162529857637,2.769276977776238
2026-05-22,2.661255545985764,2.8669266577940378
2026-05-25,2.766655545985764,2.9503236764591687
2026-05-26,2.709615545985764,2.944319540552576
2026-05-27,2.756735545985764,2.9254051917804262
2026-05-28,2.745575545985764,2.8592969480354404
2026-05-29,2.818735545985764,2.972513159012094
2026-06-01,2.932815545985764,3.107879185953541
2026-06-02,2.9055355459857637,3.202601818729008
2026-06-03,2.8509755459857637,3.144509296737758
2026-06-04,2.777815545985764,3.016957128017367
2026-06-05,2.734415545985764,2.926286135103281
2026-06-08,2.6215755459857633,2.720342953820028
2026-06-09,2.7282155459857638,2.849652993375156
2026-06-10,2.657535545985764,2.72039787092916
2026-06-11,2.641415545985764,2.6530538200601086
2026-06-12,2.6810955459857637,2.73231913684618
2026-06-15,2.8001355459857638,2.922343730946196
2026-06-16,2.827415545985764,2.882074037444524
2026-06-17,2.826175545985764,2.890126369384648
2026-06-18,2.810055545985764,2.8415644306777663
2026-06-22,2.8339508679857635,2.848430994678466
2026-06-23,2.6988241814087397,2.610743351039484
2026-06-24,2.7295921814087394,2.6520006576724846
2026-06-25,2.8034857804087396,2.6178837748343904
2026-06-26,2.7040017804087397,2.5276260077239194
